eae,eap,eaa,ebe,ebp,eba,eoe,eop,eoa,ae,ap,aa,be,bp,ba,oe,op,oa
0.38,-0.145,-0.19,1.27,0.56,0.045,1.115,1.855,1.775,-1.33,-0.69,-1.16,2.88,2.645,0.49,1.165,1.8,1.805
-0.3,-0.865,-0.905,0.035,-0.2,-0.485,-0.095,-0.01,0.1,0.445,-0.435,-0.025,0.07,0.46,-0.71,0.095,-0.075,-0.06
-0.715,-0.89,0.09,0.08,-0.235,0.505,-1.405,0.925,0.72,-1.78,-1.6,-0.32,1.825,1.26,1.35,-2.21,1.105,0.945
-2.315,1.995,0.725,-2.57,2.325,0.775,0.92,-1.3,1.03,-2.005,1.665,0.085,-2.94,1.44,0.71,1.525,1.185,1.41
-0.08,1.04,1.64,-1.27,1.085,2.025,-0.34,-0.345,1.14,1.435,-0.615,1.4,-1.83,1.755,2.235,1.805,1.35,1.535
2.08,0.895,-1.34,1.43,1.04,-0.745,1.15,-1.055,1.37,2.38,0.875,-1.7,1.795,1.475,-0.93,1.68,-1.29,2.415
-1.775,1.305,0.84,-1.205,0.535,1.305,0.085,0.075,-0.7,-2.175,1.785,0.055,-1.515,-0.515,1.935,-0.185,1.29,-0.58
1.83,1.455,0.345,1.435,1.155,0.42,1.64,1.685,1.655,0.96,1.81,0.895,1.5,0.605,0.245,1.165,1.8,1.805
2.21,0.11,1.595,2.055,1.25,0.745,2.16,0.48,-0.71,1.51,-0.535,1.34,2.88,2.645,0.49,1.235,-0.22,-0.62
0.375,0.83,-0.345,-0.8,1.165,0.375,-0.795,-0.715,0.255,1.235,-0.22,-0.62,-2.38,1.37,0.285,-1.43,0.27,-0.14
1.485,0.615,0.495,1.02,0.575,0.69,1.125,-0.375,0.075,1.33,0.82,-0.395,1.395,0.785,1.235,1.235,-0.22,-0.62
-1.955,0.205,1.675,-2.095,0.46,1.285,0.985,-1.35,-1.64,1.61,0.325,1.775,-1.375,0.4,0.175,2.38,0.875,-1.7
1.37,1.55,1.43,0.25,2.02,1.995,-1.36,0.2,-0.075,1.525,1.185,1.41,-2.375,1.94,1.27,-2.005,1.665,0.085
-0.55,-1.17,0.22,-0.055,-0.785,1.125,1.43,1.045,-0.635,-1.6,-1.6,-0.495,-0.09,-0.525,1.575,1.025,1.305,-0.44
-2.015,0.11,-0.37,-2.32,0.23,0.38,0.73,-1.475,-1.645,-1.795,0.16,-1.825,-2.575,-0.12,0.63,2.38,0.875,-1.7
-2.235,0.155,1.815,-2.265,0.96,1.79,0.915,-1.555,-1.295,-1.595,-0.845,1.625,-2.255,1.535,2.015,1.235,-0.22,-0.62
-0.75,0.43,1.18,0.2,0.59,0.51,-1.555,1.125,0.255,-1.845,-0.365,1.1,1.865,1.29,-1.14,-2.285,1.875,1.195
-0.795,-0.32,-0.46,-0.67,0.085,0.54,-1.2,-0.9,0.665,-1.33,-0.69,-1.16,-1.485,-0.06,1.42,-2.08,-0.955,0.945
1.855,-0.35,1.665,1.425,0.45,0.435,1.365,0.915,-0.28,1.68,-1.29,2.415,1.5,0.605,0.245,1.455,0.77,-0.105
-0.295,1.6,0.985,0.56,1.805,1.635,-1.34,0.315,0.47,-1.88,1.395,1.815,2.59,2.27,1.625,-1.97,1.545,1.455
-1.275,0.955,1.405,-0.985,1.655,0.955,-1.08,-1.505,0.155,-1.78,0.085,1.57,-0.925,1.45,-0.295,-1.375,-2.105,-0.825
1.7,1.075,-0.025,1.735,0.925,1.285,1.615,-0.91,1.77,1.33,0.82,-0.395,1.395,0.785,1.235,1.68,-1.29,2.415
1.065,-1.27,1.7,0.015,-0.105,0.615,-1.795,0.96,0.75,1.68,-1.29,2.415,-1.35,-0.43,0,-2.21,1.105,0.945
-2.095,1.085,1.62,-2.18,1.18,1.83,0.22,-1.36,1.85,1.165,1.8,1.805,-1.83,1.755,2.235,1.68,-1.29,2.415
1.125,-0.53,1.25,0.35,0.15,0.065,-0.81,-1.39,0.135,1.185,-0.69,1.765,0.7,0.295,-1.075,-1.375,-2.105,-0.825
-0.6,1.26,0.65,-1.22,1.51,1.405,-0.96,-0.8,1.605,0.96,1.81,0.895,-2.17,0.635,1.955,-1.595,-0.845,1.625
-1.515,0.965,1.34,-1.92,1.33,1.84,0.645,0.46,1.04,-0.595,-0.13,1.055,-1.83,1.755,2.235,1.36,2.155,1.55
-0.615,0.14,0.575,0.515,0.56,-0.41,1.07,-1.115,1.235,-2.08,-0.955,0.945,1.865,1.29,-1.14,1.435,-0.615,1.4
-1.495,0.04,0.83,-1.495,0.12,1.41,0.63,-1.045,1.095,-1.43,0.27,-0.14,-1.485,-0.06,1.42,1.51,-0.535,1.34
-0.28,-0.585,0.15,0.505,-0.39,-0.34,0.95,-0.035,-0.75,-1.43,0.27,-0.14,0.595,0.125,-0.19,1.235,-0.22,-0.62
0.54,0.655,1.525,1.285,1.73,1.57,-0.11,-0.66,0.02,-1.595,-0.845,1.625,2.59,2.27,1.625,-1.43,0.27,-0.14
-1.3,1.62,0.38,-2.24,1.685,0.555,0.27,-0.36,0.26,1.025,1.305,-0.44,-2.94,1.44,0.71,1.46,0.595,0.365
1.325,-0.54,0.99,1.15,-0.165,1.295,0.95,-0.015,-0.685,1.005,-1.07,-0.165,1.825,1.26,1.35,1.235,-0.22,-0.62
-1.13,-0.015,0.555,-0.815,0.385,0.9,-0.71,-1.015,0.74,-1.43,0.27,-0.14,-2.575,-0.12,0.63,-1.845,-0.365,1.1
-0.515,0.93,1.67,-1.725,1.325,1.705,0.2,-1.06,-0.405,2.07,2.31,1.05,-2.255,1.535,2.015,1.455,0.77,-0.105
0.21,0.89,0.065,0.96,0.845,-0.19,-0.575,-0.965,-1.11,-1.97,1.545,1.455,1.865,1.29,-1.14,-1.33,-0.69,-1.16
-0.11,-0.39,0.99,-0.495,0.265,1.505,-1,-1.105,-0.35,1.005,-1.07,-0.165,-1.515,-0.515,1.935,-1.415,-1.575,-1.075
1.78,-0.82,2.02,1.31,-0.22,1.745,1.445,-0.19,0.57,1.68,-1.29,2.415,1.395,0.785,1.235,1.005,-1.07,-0.165
1.675,1.71,0.28,1.605,1.62,0.11,-0.19,-1.43,-1.455,0.6,1.9,-0.135,1.685,2.065,0.205,-0.96,-2.125,-1.38
-2.15,0.315,0.91,-1.85,1.105,1.7,0.675,-1.51,0.95,-1.36,-1.25,-0.035,-2.17,0.635,1.955,1.51,-0.535,1.34
-0.33,0.085,-0.025,0.33,-0.06,-0.035,0.685,0.485,-0.46,-1.375,0.61,0.54,0.595,0.125,-0.19,1.33,0.82,-0.395
-0.735,-0.905,-0.055,0.475,0.41,0.655,-1.055,0.085,0.825,-1.415,-1.575,-1.075,2.88,2.645,0.49,-1.845,-0.365,1.1
-2.34,1.725,1.135,-2.255,1.03,0.58,0.23,-1.615,1.385,-1.88,1.395,1.815,-2.38,1.37,0.285,1.68,-1.29,2.415
-0.81,0.855,0.66,-0.175,-0.12,1.2,-1.33,1.235,0.625,-2.005,1.665,0.085,-0.09,-0.525,1.575,-1.88,1.395,1.815
-1.015,-0.81,-0.36,-0.455,-0.345,-0.23,-1.095,-1.525,-1.08,-1.6,-1.6,-0.495,-0.955,-0.635,0.265,-0.96,-2.125,-1.38
-2.485,1.045,1.84,-2.92,1.575,1.96,0.695,-1.905,1.49,1.46,-0.275,1.21,-2.615,1.365,1.64,1.68,-1.29,2.415
-1.03,1.26,0.4,0.525,0.69,-0.56,-0.915,-0.025,-0.09,-2.21,1.105,0.945,1.865,1.29,-1.14,-1.375,0.61,0.54
-1.33,-0.385,0.985,-1.285,0.035,1.575,-1.13,-0.81,0.19,-1.43,0.27,-0.14,-1.515,-0.515,1.935,-1.64,-1.3,-0.15
0.32,-1.095,-0.85,0.015,0.16,-0.015,-0.875,-0.435,1.225,-0.25,-1.865,-1.335,0.3,0.7,0.58,-1.715,-0.07,1.425
0.435,-0.565,1.915,-0.78,0.505,2.165,-1.535,-0.79,1.08,1.435,-0.615,1.4,1.525,1.38,1.6,-2.08,-0.955,0.945
0.315,1.125,1.255,-0.415,1.855,1.755,-1.285,-0.275,0.18,1.525,1.185,1.41,-2.86,1.445,0.815,-2.21,1.105,0.945
-2.015,0.855,0.11,-3.085,1.945,0.7,-0.06,-1.08,-0.865,1.235,-0.22,-0.62,-2.86,1.445,0.815,1.33,0.82,-0.395
-1.2,-0.865,0.66,-0.32,0.53,1.25,0.04,0.61,0.055,-2.08,-0.955,0.945,1.525,1.38,1.6,1.025,1.305,-0.44
-1.075,-0.39,-0.58,-0.89,0.135,0.515,-1.465,0.715,0.425,-1.33,-0.69,-1.16,-1.485,-0.06,1.42,-1.97,1.545,1.455
1.11,-0.335,1.49,0.975,-0.06,1.385,0.915,1.55,1.75,1.005,-1.07,-0.165,1.825,1.26,1.35,1.165,1.8,1.805
-1.11,0.48,0.265,-1.79,0.155,0.315,0.145,-0.765,-1.085,1.235,-0.22,-0.62,-2.575,-0.12,0.63,1.33,0.82,-0.395
-2.485,2.045,1.635,-2.31,1.525,1.995,0.86,-1.755,0.595,-1.88,1.395,1.815,-2.255,1.535,2.015,1.005,-1.07,-0.165
0.075,0.555,0.455,0.895,0.68,-0.165,-0.89,-0.645,1.185,-1.845,-0.365,1.1,1.795,1.475,-0.93,-1.715,-0.07,1.425
-0.1,1.215,0.495,-0.305,0.62,1.03,0.56,0.59,-1.115,0.6,1.9,-0.135,-1.515,-0.515,1.935,0.945,2.58,-1.435
0.085,-0.67,-0.975,-0.03,-0.14,0.62,-1.025,1.49,0.84,1.235,-0.22,-0.62,1.5,0.605,0.245,-1.97,1.545,1.455
-0.95,1.43,1.335,-0.255,0.96,1.72,-0.93,0.03,1.115,-1.88,1.395,1.815,1.525,1.38,1.6,-1.845,-0.365,1.1
0.11,0.73,1.665,-0.845,1.46,1.46,-1.375,-0.845,-0.67,1.68,-1.29,2.415,-2.86,1.445,0.815,-1.375,0.61,0.54
0.715,0.37,-0.15,0.275,0.335,0.555,-1.355,1.76,0.785,1.025,1.305,-0.44,1.825,1.26,1.35,-2.285,1.875,1.195
-0.59,0.49,0.525,-1.305,0.465,0.69,-0.775,-0.55,0.925,1.025,1.305,-0.44,-1.375,0.4,0.175,-1.845,-0.365,1.1
-1.525,-0.51,0.195,-0.92,0.965,0.59,0.455,0.82,1.14,-1.6,-1.6,-0.495,-0.925,1.45,-0.295,1.28,2.575,1.96
-0.575,1.335,0.34,0.015,0.52,0.62,0.925,-0.915,1.66,-2.005,1.665,0.085,1.395,0.785,1.235,1.61,0.325,1.775
-1.34,-0.665,0.355,-0.755,-0.18,0.31,-1.12,0.855,1.05,-1.64,-1.3,-0.15,-2.21,-0.155,0.11,-1.88,1.395,1.815
-1.33,1.14,1.315,-1.6,1.415,1.28,-1.345,0.425,1.085,-1.845,-0.365,1.1,-2.94,1.44,0.71,-1.88,1.395,1.815
-0.745,-0.14,-0.335,-0.16,-0.145,0.665,-1.58,-0.84,0.63,-1.33,-0.69,-1.16,1.825,1.26,1.35,-2.08,-0.955,0.945
-0.48,-0.47,1.985,-1.325,-0.175,1.525,0.165,0.975,-1.05,1.68,-1.29,2.415,-1.675,-0.21,0.02,0.945,2.58,-1.435
-2.05,1.88,1.035,-2.09,2.57,1.64,-1.105,0.72,0.685,-2.285,1.875,1.195,-2.375,1.94,1.27,-1.88,1.395,1.815
1.395,1.685,1.55,0.835,0.775,-0.66,-0.705,-1.02,-0.51,1.165,1.8,1.805,1.865,1.29,-1.14,-1.415,-1.575,-1.075
-1.8,0.945,0.27,-1.995,0.915,0.935,0.805,-1.615,1.19,1.025,1.305,-0.44,-2.17,0.635,1.955,1.68,-1.29,2.415
-0.03,0.255,1.23,1.045,0.66,0.075,-0.765,-0.935,-0.055,-1.595,-0.845,1.625,1.795,1.475,-0.93,-1.78,-1.6,-0.32
2.56,2.12,1.465,2.22,2.325,1.51,1.385,-1.445,1.71,1.525,1.185,1.41,2.59,2.27,1.625,1.68,-1.29,2.415
0.24,0.59,1.155,-1.395,1.445,1.21,-0.955,-1.105,-0.68,1.46,-0.275,1.21,-2.38,1.37,0.285,-1.415,-1.575,-1.075
0.46,0.595,1.36,-0.215,0.23,1.715,-0.84,-0.52,0.655,1.525,1.185,1.41,1.395,0.785,1.235,-2.08,-0.955,0.945
-2.11,0.4,0.555,-2.625,2.415,1.59,0.14,-1.385,-0.655,-1.6,-1.6,-0.495,-2.375,1.94,1.27,1.235,-0.22,-0.62
-1.72,0.315,1.97,-1.845,1.285,0.62,0.895,-1.77,1.555,-1.595,-0.845,1.625,-2.38,1.37,0.285,1.68,-1.29,2.415
0.305,0.405,0.29,0.645,0.065,1.1,1.02,-1.12,1.68,-1.375,0.61,0.54,1.825,1.26,1.35,1.68,-1.29,2.415
-1.675,1.06,0.525,-0.215,0.25,0.105,0.645,-0.965,0.225,-2.005,1.665,0.085,-2.575,-0.12,0.63,1.005,-1.07,-0.165
-1.415,0.015,1.665,-1.615,1.37,1.73,-1.275,-0.56,0.325,-1.595,-0.845,1.625,-2.255,1.535,2.015,-1.43,0.27,-0.14
1.635,0.765,0.03,1.195,1.03,-0.11,1.645,0.745,1.155,0.72,1.09,-0.125,1.865,1.29,-1.14,2.07,2.31,1.05
-0.93,-1.38,0.31,-1.465,-0.25,0.85,0.405,-1.3,-0.095,0.09,-1.33,-1.08,-1.515,-0.515,1.935,0.61,-0.825,0.22
-0.74,0.345,-0.4,0.15,-0.035,0.045,-1.12,0.11,0.76,-2.005,1.665,0.085,0.595,0.125,-0.19,-1.845,-0.365,1.1
1.225,1.665,1.995,0.895,1.15,1.555,1.36,0.365,0.08,1.165,1.8,1.805,1.525,1.38,1.6,1.455,0.77,-0.105
-2.11,1.52,1.015,-2.39,1.865,1.275,-1.14,-0.505,-0.82,-1.97,1.545,1.455,-2.86,1.445,0.815,-1.795,0.16,-1.825
-0.61,1.045,0.905,-1.395,2.015,1.31,-1.365,0.17,0.89,-1.43,0.27,-0.14,-2.94,1.44,0.71,-1.97,1.545,1.455
0.205,0.375,-0.18,-1.12,0.45,0.28,-0.86,-0.43,-0.075,1.33,0.82,-0.395,-2.575,-0.12,0.63,-1.43,0.27,-0.14
-0.81,0.435,0.835,-1.66,1.96,1.445,-1.025,-0.665,0.305,0.72,1.09,-0.125,-2.615,1.365,1.64,-1.36,-1.25,-0.035
-0.26,0.625,1.19,0.685,0.635,0.11,-0.12,-0.48,1.225,-1.845,-0.365,1.1,1.795,1.475,-0.93,1.805,1.35,1.535
-1.945,-0.075,1.82,-2.27,1.535,1.96,0.36,-1.265,0.73,-1.595,-0.845,1.625,-2.17,0.635,1.955,1.68,-1.29,2.415
-0.955,1.185,0.475,0.175,0.96,0.565,1.25,-0.625,1.235,-2.005,1.665,0.085,1.5,0.605,0.245,1.435,-0.615,1.4
-0.68,0.395,1.06,-0.01,0.8,0.84,0.095,-1.745,-1.255,-1.715,-0.07,1.425,0.65,1.76,0.11,-0.25,-1.865,-1.335
-1.225,0.445,1.65,-1.08,1.13,0.92,-0.96,-1.07,0.17,-1.715,-0.07,1.425,-2.38,1.37,0.285,-1.43,0.27,-0.14
1.275,0.35,-0.44,1.305,0.305,1.24,1.025,0.575,1.37,1.33,0.82,-0.395,1.825,1.26,1.35,1.805,1.35,1.535
-1.65,-0.005,0.06,-2.235,-0.155,0.07,0.97,-1.45,-1.725,1.235,-0.22,-0.62,-2.21,-0.155,0.11,2.38,0.875,-1.7
-1.6,1.45,0.6,-2.31,2.145,1.095,-0.81,-0.905,1.09,-2.005,1.665,0.085,-2.375,1.94,1.27,-1.715,-0.07,1.425
1.97,1.815,1.04,1.25,1.31,-0.255,1.015,-0.085,0.175,2.07,2.31,1.05,1.865,1.29,-1.14,0.72,1.09,-0.125
-1.94,0.925,1.06,-1.315,0.05,0.91,-0.355,-1.225,-1.06,-1.97,1.545,1.455,-1.485,-0.06,1.42,-1.33,-0.69,-1.16
0.39,-0.78,-0.67,0.36,0.02,-0.05,-0.785,-1.035,-0.46,1.235,-0.22,-0.62,1.5,0.605,0.245,-1.415,-1.575,-1.075
0.99,1.105,0.23,1.15,1.42,0.61,-0.63,0.09,-0.34,1.025,1.305,-0.44,2.59,2.27,1.625,-2.005,1.665,0.085
-0.97,-0.395,-0.92,-0.375,-0.365,-0.21,-1.19,0.57,-0.26,-1.33,-0.69,-1.16,-1.35,-0.43,0,-2.005,1.665,0.085
0.18,-0.26,-0.545,0.955,0.935,-0.765,0.46,-1.215,-1.04,-1.175,-1.045,-0.105,1.865,1.29,-1.14,0.72,1.09,-0.125
-1.64,-0.175,0.465,-1.39,0.105,1.68,0.83,-0.76,0.09,-1.64,-1.3,-0.15,-1.485,-0.06,1.42,1.235,-0.22,-0.62
-0.475,-0.545,1.18,0.375,-0.425,0.19,1.28,0.11,-1.35,-1.715,-0.07,1.425,0.595,0.125,-0.19,2.38,0.875,-1.7
-0.695,1.735,1.06,0.255,1.755,0.58,-1.56,0.825,0.99,-0.595,-0.13,1.055,1.685,2.065,0.205,-1.93,0.895,1.06
-1.585,0.455,0.71,-1.525,1.285,1.02,-1.115,-1.09,1.23,-1.36,-1.25,-0.035,-2.94,1.44,0.71,-1.715,-0.07,1.425
1.32,-0.28,1.86,0.56,0.315,1.535,1.12,0.805,0.065,1.435,-0.615,1.4,1.825,1.26,1.35,1.025,1.305,-0.44
-1.515,1.69,0.845,-0.815,0.415,0.365,-1.375,-0.24,0.23,-2.285,1.875,1.195,-2.575,-0.12,0.63,-2.21,1.105,0.945
-1.27,0.88,1.5,-1.445,1.045,1.965,-0.965,-1.205,-0.355,-1.845,-0.365,1.1,-2.255,1.535,2.015,-1.78,-1.6,-0.32
1.565,1.53,-0.46,1.89,1.39,-0.93,1.19,-1.45,1.445,1.325,1.145,-0.135,1.865,1.29,-1.14,1.68,-1.29,2.415
0.385,-0.82,1.945,-0.43,0.065,1.77,-1.39,0.73,0.075,1.435,-0.615,1.4,-1.485,-0.06,1.42,-1.97,1.545,1.455
1.29,0.765,1,0.725,0.735,0.41,1.36,-0.87,1.625,1.805,1.35,1.535,0.755,0.175,-0.585,1.68,-1.29,2.415
1.9,0.42,1.685,1.555,1.425,1.61,0.33,-1.13,-0.69,1.68,-1.29,2.415,2.59,2.27,1.625,-1.175,-1.045,-0.105
-0.62,1.575,1.59,-1.25,1.375,1.06,-0.78,-1.055,1.06,2.275,1.77,0.74,-2.94,1.44,0.71,-1.845,-0.365,1.1
-1.015,1.325,0.155,-1.465,1.56,0.235,-0.485,-1.57,-0.39,1.33,0.82,-0.395,-2.94,1.44,0.71,-1.175,-1.045,-0.105
-1.435,-0.195,1.4,-0.225,0.54,1.775,-0.085,-0.7,1.42,-2.08,-0.955,0.945,1.525,1.38,1.6,1.435,-0.615,1.4
-2.11,1.61,0.605,-2.655,1.97,1.02,0.375,-1.81,1.39,-1.375,0.61,0.54,-2.94,1.44,0.71,1.68,-1.29,2.415
0.005,0.515,0.57,0.095,0.205,0.79,0.645,-0.75,0.61,-1.375,0.61,0.54,1.825,1.26,1.35,1.005,-1.07,-0.165
-1.355,-0.47,1.74,-1.165,0.27,0.895,-0.115,0.6,-0.63,-1.715,-0.07,1.425,-1.675,-0.21,0.02,-0.185,1.29,-0.58
-1.68,0.735,0.43,-1.515,1.5,1.16,-0.27,-0.195,1.465,1.33,0.82,-0.395,-2.255,1.535,2.015,1.805,1.35,1.535
1.715,1.01,-1.18,1.35,0.895,-1.21,1.17,-0.795,-0.63,2.38,0.875,-1.7,1.795,1.475,-0.93,1.235,-0.22,-0.62
-1.805,1.625,0.83,-1.675,1.74,1.295,-0.805,-1.085,1.475,-2.005,1.665,0.085,-2.17,0.635,1.955,-1.595,-0.845,1.625
1.505,1.455,1.665,1.085,0.86,0.275,1.22,1.1,-0.17,1.165,1.8,1.805,1.5,0.605,0.245,1.025,1.305,-0.44
0.67,1.665,0.875,1.66,2.025,1.535,-1.025,-1.595,-1.035,-1.97,1.545,1.455,2.59,2.27,1.625,-1.6,-1.6,-0.495
-1.58,1.135,1.125,-2.47,1.65,1.595,-1.43,-1.695,-0.995,1.005,-1.07,-0.165,-2.86,1.445,0.815,-1.6,-1.6,-0.495
0.57,0.89,0.645,0.36,0.25,0.7,0.265,1.44,-0.505,0.6,1.9,-0.135,1.825,1.26,1.35,-0.06,1.785,-0.535
-0.13,-0.005,-0.045,-0.82,-0.49,-0.55,-0.845,-1.39,-0.72,0.72,1.09,-0.125,-1.35,-0.43,0,-1.175,-1.045,-0.105
-2.185,0.515,0.01,-1.765,1.51,-0.01,0.895,-1.425,1.445,-1.6,-1.6,-0.495,-2.38,1.37,0.285,1.46,-0.275,1.21
0.285,0.595,-0.165,0.515,0.245,0.34,0.75,1.07,-0.13,-0.06,1.785,-0.535,1.825,1.26,1.35,0.6,1.9,-0.135
0.44,-1.6,-1.02,-0.115,-0.53,-0.795,1.36,2.02,2.08,0.09,-1.33,-1.08,0.07,0.46,-0.71,1.36,2.155,1.55
-2.945,2.125,1.385,-3.325,2.05,1.62,0.13,-2.275,1.54,-1.97,1.545,1.455,-2.375,1.94,1.27,1.68,-1.29,2.415
-1.065,1.815,0.01,0.435,1.205,-0.44,-0.905,0.955,0.36,-2.005,1.665,0.085,1.795,1.475,-0.93,-1.88,1.395,1.815
-0.97,-1.46,-0.355,-1.24,-0.09,1.045,-0.62,-1.36,-1.165,-0.96,-2.125,-1.38,-1.485,-0.06,1.42,-1.6,-1.6,-0.495
1.17,-0.03,1.185,0.88,0.16,0.365,1.435,-1.45,1.915,1.46,-0.275,1.21,0.595,0.125,-0.19,1.68,-1.29,2.415
-0.83,1.25,0.945,0.195,1.47,1.345,-1.245,0.125,-0.47,-2.21,1.105,0.945,2.59,2.27,1.625,-2.005,1.665,0.085
-1.375,0.5,0.145,-1.35,1.235,0.33,-1.06,-1.37,-0.845,-1.43,0.27,-0.14,-2.38,1.37,0.285,-1.78,-1.6,-0.32
-0.68,-0.43,-0.12,-0.365,0.2,1.14,-1.225,-0.655,0.245,1.235,-0.22,-0.62,1.395,0.785,1.235,-2.08,-0.955,0.945
0.185,0.145,1.745,-0.255,0.58,0.745,-1.175,-1.14,1.49,1.46,-0.275,1.21,-2.575,-0.12,0.63,-1.715,-0.07,1.425
1.575,2.13,1.955,-0.62,2.105,1.435,-1.255,0.585,0.365,2.07,2.31,1.05,-2.375,1.94,1.27,-2.285,1.875,1.195
-0.57,-0.52,-0.81,-1.18,-0.325,-1.155,0.58,-0.71,-0.165,1.235,-0.22,-0.62,-1.35,-0.43,0,2.66,1.735,0.665
-1.12,-0.685,1.46,-0.61,-0.43,0.075,0.71,0.21,-0.59,-1.715,-0.07,1.425,-1.35,-0.43,0,1.025,1.305,-0.44
-2.33,1.975,1.05,-2.695,2.815,1.71,0.355,-0.005,0.925,-2.285,1.875,1.195,-2.375,1.94,1.27,1.165,1.8,1.805
0.9,-0.95,0.62,0.53,-0.045,-0.585,1.155,2.045,1.755,0.61,-0.825,0.22,0.7,0.295,-1.075,1.28,2.575,1.96
-1.055,0.885,-0.19,-1.315,1.005,0.845,0.24,-1.095,-1.14,1.235,-0.22,-0.62,-2.17,0.635,1.955,1.33,0.82,-0.395
-0.24,1.13,0.28,0.08,0.055,0.12,0.945,0.03,-1.405,-1.97,1.545,1.455,0.595,0.125,-0.19,2.38,0.875,-1.7
-0.865,0.445,1.565,-0.53,1.295,2.055,-1.405,-0.885,0.435,-1.845,-0.365,1.1,1.525,1.38,1.6,-2.08,-0.955,0.945
-2.365,1.685,0.76,-2.43,1.84,0.86,-0.205,-1.16,-0.23,1.33,0.82,-0.395,-2.86,1.445,0.815,0.72,1.09,-0.125
0.38,-0.615,1.105,0.535,0.14,1.085,-1.495,1.44,0.615,1.005,-1.07,-0.165,1.825,1.26,1.35,-2.285,1.875,1.195
-1.91,1.55,1.065,-1.02,0.85,0.885,-0.785,-0.735,0.92,-1.97,1.545,1.455,-1.375,0.4,0.175,-1.845,-0.365,1.1
-0.325,0.825,1.76,-0.645,1.245,1.81,-1.16,-0.675,0.03,1.435,-0.615,1.4,-2.255,1.535,2.015,-1.43,0.27,-0.14
1.565,1.695,-0.065,1.4,1.535,-0.48,-0.82,0.88,1.16,1.025,1.305,-0.44,1.795,1.475,-0.93,-1.88,1.395,1.815
-2.52,1.15,1.63,-2.995,1.98,2.01,-0.825,-1.28,1.115,1.325,1.145,-0.135,-3.385,1.1,1.815,-1.845,-0.365,1.1
-2.085,0.34,0.885,-1.67,1.53,1.67,1.02,0.44,1.005,-1.36,-1.25,-0.035,-2.255,1.535,2.015,2.07,2.31,1.05
-0.285,1.365,-0.495,0.37,0.955,-0.715,1.125,-0.45,0.87,-2.005,1.665,0.085,1.865,1.29,-1.14,1.525,1.185,1.41
-2.18,1.555,0.92,-2.245,1.91,1.025,1.305,-0.55,1.215,-2.21,1.105,0.945,-2.94,1.44,0.71,1.525,1.185,1.41
-1.06,-1.32,-0.09,-0.5,-0.75,-0.595,-1.505,1.44,-0.16,-1.64,-1.3,-0.15,0.595,0.125,-0.19,-2.005,1.665,0.085
1.275,0.19,1.77,0.64,1.24,0.69,0.895,1.495,1.515,1.185,-0.69,1.765,0.65,1.76,0.11,1.28,2.575,1.96
-2.17,1.28,-0.38,-2.49,1.9,0.435,1.015,-2.135,1.215,2.38,0.875,-1.7,-2.94,1.44,0.71,1.68,-1.29,2.415
-0.925,0.65,0.495,-0.305,-0.43,1.035,-0.805,0.22,0.215,-2.005,1.665,0.085,-0.09,-0.525,1.575,-1.375,0.61,0.54
-1.03,1.31,1.8,-1.67,0.32,0.53,1.015,-0.38,0.53,1.165,1.8,1.805,-2.21,-0.155,0.11,1.855,0.87,0.765
-1.195,0.89,1.815,-1.41,1.225,2.02,0.025,-0.925,0.655,1.46,-0.275,1.21,-2.255,1.535,2.015,1.005,-1.07,-0.165
1.305,0.57,-1.565,0.67,0.73,-0.855,-0.755,-0.745,0.455,2.38,0.875,-1.7,1.865,1.29,-1.14,-1.43,0.27,-0.14
-2.23,1.595,0.75,-3.35,1.895,1.89,0.53,-1.79,1.1,1.33,0.82,-0.395,-3.385,1.1,1.815,1.005,-1.07,-0.165
1.085,1.695,1.67,-0.09,1.32,0.845,0.65,-1.38,0.27,1.28,2.575,1.96,0.3,0.7,0.58,0.61,-0.825,0.22
-0.055,1.145,1.735,0.14,0.95,1.975,-1.405,0.725,0.29,2.275,1.77,0.74,1.525,1.38,1.6,-2.005,1.665,0.085
-1.575,-0.87,0.285,-0.925,-0.04,1.23,0.735,-0.43,-0.11,-1.78,-1.6,-0.32,-1.515,-0.515,1.935,1.455,0.77,-0.105
-0.685,-0.87,-0.06,0.375,0.27,0.315,1.075,-0.7,1.18,-1.78,-1.6,-0.32,1.5,0.605,0.245,1.005,-1.07,-0.165
-0.735,0.205,1.105,-0.47,0.655,1.565,-0.04,-1.005,0.435,-1.975,-1.03,1.505,1.525,1.38,1.6,1.005,-1.07,-0.165
-1.29,0.31,0.65,-1.31,0.16,1.31,0.86,-1.215,-1.47,-1.375,0.61,0.54,-1.485,-0.06,1.42,1.235,-0.22,-0.62
-1.1,-0.955,1.315,-0.1,0.09,0.525,-1.305,1.52,0.015,-1.715,-0.07,1.425,1.5,0.605,0.245,-2.005,1.665,0.085
1.36,1.36,0.195,0.71,1.075,1.025,0.99,-0.43,1.42,1.33,0.82,-0.395,1.525,1.38,1.6,1.61,0.325,1.775
-1.05,1.065,-1.01,-1.535,1.585,-0.255,0.37,-1.365,-0.895,2.38,0.875,-1.7,-2.38,1.37,0.285,1.235,-0.22,-0.62
-0.87,-0.255,0.65,-0.475,-0.59,1.995,-0.58,-0.635,1.53,-1.43,0.27,-0.14,-0.09,-0.525,1.575,-1.595,-0.845,1.625
0.205,0.145,0.57,-0.555,-0.32,0.125,0.26,-0.175,-0.435,1.46,0.595,0.365,-1.35,-0.43,0,1.025,1.305,-0.44
-1.255,1.635,1.3,-1.495,1.505,1.405,-1.57,-0.3,-1.63,-2.21,1.105,0.945,-2.255,1.535,2.015,-1.795,0.16,-1.825
-2.395,1.085,1.15,-2.27,0.53,0.815,0.71,-1.255,1.13,-1.88,1.395,1.815,-2.575,-0.12,0.63,1.46,-0.275,1.21
0.23,0.835,0.365,-0.6,0.715,1.095,-1.105,-1.04,0.1,1.455,0.77,-0.105,-1.515,-0.515,1.935,-1.43,0.27,-0.14
0.185,0.08,-0.76,-0.025,-0.295,-0.665,-1.16,-0.86,-0.47,1.33,0.82,-0.395,0.595,0.125,-0.19,-1.78,-1.6,-0.32
-0.38,1.72,-0.155,-0.345,1.065,0.185,0.13,1.215,1.56,-0.06,1.785,-0.535,0.3,0.7,0.58,1.165,1.8,1.805
-1.175,0.22,0.75,-1.005,0.485,1.225,0.905,-0.37,-0.805,-1.375,0.61,0.54,-1.515,-0.515,1.935,1.455,0.77,-0.105
-0.99,0.935,0.735,0.905,0.61,0.255,0.725,1.01,-0.265,-2.21,1.105,0.945,1.5,0.605,0.245,1.025,1.305,-0.44
0.855,1.99,1.76,1.73,1.83,0.29,1.67,-1.96,1.63,-1.775,1.265,1.995,1.685,2.065,0.205,1.72,-2.585,2.215
-1.335,-1.23,0.66,-1.265,-0.185,1.595,0.8,0.915,1.33,-1.735,-1.84,-0.565,-1.485,-0.06,1.42,1.165,1.8,1.805
-1.06,-1.11,0.235,-0.395,-0.66,0.845,-0.995,-1.515,-0.315,-1.415,-1.575,-1.075,-0.09,-0.525,1.575,-1.735,-1.84,-0.565
-1.205,-0.375,1.3,-1.66,-0.22,0.95,0.47,-2.05,1.22,1.46,-0.275,1.21,-1.35,-0.43,0,1.68,-1.29,2.415
-1.57,1.875,1.52,-1.4,1.76,1.86,-0.645,-1.345,-0.525,-1.88,1.395,1.815,-2.255,1.535,2.015,-1.43,0.27,-0.14
0.125,0.825,0.065,1.03,1.165,-0.78,-0.79,-1.14,-0.305,-1.43,0.27,-0.14,1.795,1.475,-0.93,-1.78,-1.6,-0.32
0.535,0.165,-0.13,-0.045,0.83,1.115,-1.065,-1.37,0.49,1.235,-0.22,-0.62,-1.515,-0.515,1.935,-2.08,-0.955,0.945
0.895,-0.97,-0.22,-0.04,0.045,0.59,-0.565,-1.43,-1.04,0.09,-1.33,-1.08,1.825,1.26,1.35,-0.96,-2.125,-1.38
1.365,1.865,1.75,1.11,1.95,1.88,-1.165,0.36,-0.105,1.165,1.8,1.805,2.59,2.27,1.625,-1.97,1.545,1.455
2.03,1.155,-0.545,2.1,1.93,-0.18,1.995,0.13,-0.715,1.33,0.82,-0.395,2.88,2.645,0.49,1.235,-0.22,-0.62
-0.12,-1.095,-0.225,0.8,0.215,0.605,1.16,-1.12,1.68,-1.415,-1.575,-1.075,1.825,1.26,1.35,1.68,-1.29,2.415
-1.435,0.48,0.175,-1.195,0.23,0.09,0.585,-0.14,-0.61,-1.375,0.61,0.54,-2.21,-0.155,0.11,1.325,1.145,-0.135
-2.53,1.37,1.57,-1.975,2,1.77,0.385,-0.705,-0.035,-2.21,1.105,0.945,-2.255,1.535,2.015,0.72,1.09,-0.125
0.54,1.965,0.3,0.82,0.96,-0.105,1.52,-1.775,1.69,-1.88,1.395,1.815,1.865,1.29,-1.14,1.68,-1.29,2.415
-1.57,1.265,0.65,-0.63,0.915,0.67,-1.455,0.6,0.22,-2.005,1.665,0.085,-1.515,-0.515,1.935,-2.285,1.875,1.195
-1.03,-0.785,-0.385,-0.265,-0.465,-0.45,-1.23,0.115,-0.97,1.325,1.145,-0.135,0.595,0.125,-0.19,-1.795,0.16,-1.825
2.19,1.005,1.245,2.345,1.96,0.96,2.165,-1.655,2.25,1.46,-0.275,1.21,2.88,2.645,0.49,2.46,-2.25,2.25
-1.36,1.95,1.85,-0.6,1.56,0.455,-0.305,-0.055,-0.51,-1.775,1.265,1.995,-0.925,1.45,-0.295,-0.185,1.29,-0.58
-0.895,0.265,0.505,-0.04,-0.43,1.22,-0.75,-1.48,-0.47,-1.375,0.61,0.54,-0.09,-0.525,1.575,-1.175,-1.045,-0.105
-0.35,0.315,-1.065,-0.945,0.7,-0.275,-1.08,-1.145,1.14,2.38,0.875,-1.7,-2.575,-0.12,0.63,-1.715,-0.07,1.425
0.005,0.735,1.76,-0.505,1.395,1.7,-0.915,-0.545,1.805,1.51,-0.535,1.34,-1.83,1.755,2.235,-1.715,-0.07,1.425
1.29,1.83,0.585,1.245,0.99,-0.435,-0.735,0.45,0.45,2.07,2.31,1.05,1.865,1.29,-1.14,-1.88,1.395,1.815
0.58,0.615,0.04,0.555,0.25,0.825,-0.87,-0.735,1.515,1.33,0.82,-0.395,1.395,0.785,1.235,-1.715,-0.07,1.425
-0.875,-0.385,1.705,-2.17,0.285,1.325,0.975,0.08,1.145,-1.715,-0.07,1.425,-0.09,-0.525,1.575,2.275,1.77,0.74
-1.895,0.14,1.175,-0.07,-0.5,2.28,0.66,-1.29,1.175,-1.845,-0.365,1.1,-2.21,-0.155,0.11,1.46,-0.275,1.21
-2.37,1.245,0.84,-2.4,2.005,1.605,0.89,-1.515,1.2,-2.005,1.665,0.085,-2.255,1.535,2.015,1.51,-0.535,1.34
0.935,1.04,-0.78,0.725,0.815,-0.745,1.15,-1.17,-1.28,-1.375,0.61,0.54,1.865,1.29,-1.14,1.235,-0.22,-0.62
-2.92,0.29,2.395,-3,1.64,2.205,-1.125,-1.085,-1.09,1.61,0.325,1.775,-3.385,1.1,1.815,-1.33,-0.69,-1.16
1.365,0.43,-0.115,1.42,0.83,0.31,1.42,1.615,0.66,1.455,0.77,-0.105,1.5,0.605,0.245,0.96,1.81,0.895
1.96,0.435,-1.11,2.19,1.39,-0.37,2.145,0.14,-1.685,1.235,-0.22,-0.62,2.88,2.645,0.49,2.38,0.875,-1.7
-0.08,1.635,-0.36,-0.07,1.485,0.155,-0.905,-0.67,1.25,-0.06,1.785,-0.535,-0.925,1.45,-0.295,-1.715,-0.07,1.425
1.005,1.09,0.75,0.74,0.775,1.16,1.185,0.545,-0.21,0.96,1.81,0.895,1.825,1.26,1.35,1.455,0.77,-0.105
-1.495,0.52,0.92,-1.225,0.275,0.285,-0.81,-1.515,-0.845,-1.88,1.395,1.815,-2.21,-0.155,0.11,-1.6,-1.6,-0.495
-0.585,0.985,-0.62,-0.825,0.875,0.63,-1.38,-0.505,0.14,2.38,0.875,-1.7,-2.255,1.535,2.015,-1.36,-1.25,-0.035
1.13,1.01,-0.195,0.845,0.92,-0.65,-0.365,-0.23,-0.025,1.325,1.145,-0.135,1.865,1.29,-1.14,-1.375,0.61,0.54
-0.11,0.57,0.57,-1.27,1.065,1.545,-0.915,-1.255,-0.695,1.455,0.77,-0.105,-2.17,0.635,1.955,-1.415,-1.575,-1.075
-2.475,1.215,1.125,-2.265,1.315,2.025,0.035,-1.595,1.12,-1.36,-1.25,-0.035,-2.255,1.535,2.015,1.46,-0.275,1.21
0.075,0.47,-0.145,0.505,0.63,-0.865,0.825,-0.135,-0.755,-1.375,0.61,0.54,1.795,1.475,-0.93,1.025,1.305,-0.44
-2.41,1.535,1.39,-2.285,1.35,1.76,0.78,-1.14,-0.55,-2.285,1.875,1.195,-2.17,0.635,1.955,0.72,1.09,-0.125
-1.085,0.9,0.295,0.59,0.555,0.415,0.815,-0.255,1.815,-1.97,1.545,1.455,1.5,0.605,0.245,1.435,-0.615,1.4
-0.02,1.135,0.57,0.59,1.535,1.36,-1.21,0.12,0.875,-2.005,1.665,0.085,2.59,2.27,1.625,-2.21,1.105,0.945
-1.655,-0.01,0.04,-1.17,0.955,0.285,-1.04,-1.2,-1.025,-1.78,-1.6,-0.32,-2.38,1.37,0.285,-1.415,-1.575,-1.075
1.545,-0.39,1.885,1.45,0.635,1.775,1.52,-1.815,2.115,1.68,-1.29,2.415,1.395,0.785,1.235,2.46,-2.25,2.25
-1.225,-0.37,1.685,-0.83,0.525,1.72,-0.89,-0.57,0.065,-1.715,-0.07,1.425,-1.515,-0.515,1.935,-1.43,0.27,-0.14
-1.14,1.39,0.485,-1.42,1.145,1.315,-1.25,-1.605,-0.155,-0.185,1.29,-0.58,-1.83,1.755,2.235,-1.375,-2.105,-0.825
1.65,0.655,-1.16,1.185,0.69,-1.155,-0.83,-0.905,1.76,1.235,-0.22,-0.62,1.795,1.475,-0.93,-1.715,-0.07,1.425
0.315,-0.295,2.23,-0.255,-0.135,1.675,-1.39,-0.265,0.92,1.68,-1.29,2.415,-1.485,-0.06,1.42,-1.975,-1.03,1.505
-0.4,-0.52,1.865,-0.545,0.205,1.12,-1.42,1.545,1.195,1.61,0.325,1.775,1.5,0.605,0.245,-1.97,1.545,1.455
-0.1,0.635,1.44,-0.245,0.49,1.745,-0.88,-0.08,0.85,2.275,1.77,0.74,1.525,1.38,1.6,-1.36,-1.25,-0.035
-1.795,0.055,1.415,-1.505,0.385,1.54,0.745,-0.26,-0.26,-1.975,-1.03,1.505,-1.515,-0.515,1.935,0.72,1.09,-0.125
-0.3,0.855,0.375,0.78,0.575,0.86,0.895,1.35,1.74,-1.97,1.545,1.455,1.5,0.605,0.245,1.165,1.8,1.805
1.165,-0.375,0.85,1.67,1.345,1.095,1.24,1.885,2.265,1.005,-1.07,-0.165,2.88,2.645,0.49,1.165,1.8,1.805
-1.295,0.455,-0.375,-0.555,-0.37,-0.13,-1.395,0.84,-0.56,-2.21,1.105,0.945,-1.35,-0.43,0,-2.005,1.665,0.085
-0.625,1.33,1.355,0.55,0.79,1.5,0.335,-1.125,1.285,-1.97,1.545,1.455,1.825,1.26,1.35,1.005,-1.07,-0.165
-1.205,-0.67,1.44,-0.525,-0.555,0.085,-1.455,-1.13,0.485,-1.715,-0.07,1.425,-1.35,-0.43,0,-2.08,-0.955,0.945
-0.72,0.645,0.6,-1.395,0.985,1.725,0.12,-0.14,-0.56,1.33,0.82,-0.395,-1.83,1.755,2.235,1.025,1.305,-0.44
1.38,0.14,0.22,1.14,0.88,-0.765,-0.555,0.75,1.01,1.005,-1.07,-0.165,1.795,1.475,-0.93,-1.88,1.395,1.815
-1.875,0.545,1.61,-1.47,1.01,1.595,-0.87,-0.725,1.17,-2.21,1.105,0.945,-2.17,0.635,1.955,-1.845,-0.365,1.1
1.185,-0.845,1.21,0.27,-0.68,-0.16,-0.17,1.235,-0.5,1.185,-0.69,1.765,0.595,0.125,-0.19,-0.185,1.29,-0.58
0.95,1.295,1.09,0.86,1.535,1.225,-1.07,-0.185,0.74,0.72,1.09,-0.125,2.59,2.27,1.625,-2.21,1.105,0.945
0.12,1.19,-0.45,-0.385,1.49,-0.21,-1.23,-1.23,0.52,1.025,1.305,-0.44,-2.38,1.37,0.285,-2.08,-0.955,0.945
-0.17,-0.97,-1.57,0.815,0.325,0.045,1.225,0.685,1.39,-1.33,-0.69,-1.16,1.5,0.605,0.245,1.525,1.185,1.41
0.535,1.44,0.22,1.365,1.79,1.36,1.28,0.51,1.135,-2.005,1.665,0.085,2.59,2.27,1.625,2.07,2.31,1.05
-0.89,0.63,-0.825,-0.995,0.885,0.225,-1.605,0.225,0.51,-1.33,-0.69,-1.16,-2.38,1.37,0.285,-2.21,1.105,0.945
-0.925,-0.985,-0.16,0.025,-0.385,1.6,-0.875,-0.2,0.47,-1.78,-1.6,-0.32,-0.09,-0.525,1.575,-1.43,0.27,-0.14
-0.415,-0.065,1.66,-1.49,0.095,1.41,0.04,-0.495,0.73,1.435,-0.615,1.4,-2.21,-0.155,0.11,1.805,1.35,1.535
-1.625,0.755,1.295,-2.2,1.035,1.815,0.255,-1.595,2.04,1.005,-1.07,-0.165,-1.83,1.755,2.235,1.68,-1.29,2.415
-0.985,1.195,-0.155,0.51,0.915,-0.78,-0.525,-0.285,0.2,-2.005,1.665,0.085,1.795,1.475,-0.93,-1.375,0.61,0.54
-0.65,1.1,1.845,-1.25,0.315,1.885,0.635,0.63,1.255,1.36,2.155,1.55,-1.515,-0.515,1.935,1.28,2.575,1.96
1.615,0.115,1.705,1.71,0.7,0.12,1.955,0.355,-1.625,1.46,-0.275,1.21,1.5,0.605,0.245,2.38,0.875,-1.7
1.42,1.04,-0.93,0.93,1.435,0.17,-0.04,-0.53,-0.395,2.38,0.875,-1.7,2.59,2.27,1.625,-1.375,0.61,0.54
-0.855,1.305,0.14,-1.905,1.595,0.575,0.185,-1.28,0.185,1.455,0.77,-0.105,-2.94,1.44,0.71,1.005,-1.07,-0.165
1.675,0.82,1.92,1.245,0.29,1.955,1.935,0.065,-1.66,1.61,0.325,1.775,1.825,1.26,1.35,2.38,0.875,-1.7
0.61,0.385,1.355,-0.245,-0.17,0.475,-0.59,-0.275,0.13,1.805,1.35,1.535,-1.35,-0.43,0,-1.43,0.27,-0.14
-1.23,0.505,0.08,-1.56,1.145,0.785,0.39,-0.925,-0.49,-1.175,-1.045,-0.105,-2.38,1.37,0.285,0.72,1.09,-0.125
-1.06,-0.56,0.145,-0.27,0.19,1.145,0.355,-1.805,-1.07,-1.6,-1.6,-0.495,0.445,0.555,1.595,-0.25,-1.865,-1.335
-2.125,0.495,1.89,-1.785,0.565,1.095,1.56,-0.865,-1.785,-1.595,-0.845,1.625,-2.575,-0.12,0.63,2.38,0.875,-1.7
-0.585,-0.125,1.685,-0.855,1.455,2.01,-1.34,0.165,0.425,-1.715,-0.07,1.425,-2.255,1.535,2.015,-2.21,1.105,0.945
0.125,-0.345,-0.845,0.835,0.55,-0.77,-0.715,-0.965,0.965,-1.6,-1.6,-0.495,1.865,1.29,-1.14,-1.715,-0.07,1.425
0.4,-1.34,2.11,-0.695,-0.35,2.175,0.445,0.405,-0.425,2.46,-2.25,2.25,-1.485,-0.06,1.42,1.025,1.305,-0.44
-1.02,0.59,0.295,-0.78,-0.11,-0.04,-1.35,1.615,0.625,-1.88,1.395,1.815,0.595,0.125,-0.19,-1.97,1.545,1.455
0.11,0.155,1.665,1.165,1.25,1.715,-0.335,-1.29,-1.405,-1.595,-0.845,1.625,2.59,2.27,1.625,-1.33,-0.69,-1.16
0.19,1.655,-1.275,-0.765,1.55,-0.175,0.195,-1.085,1.655,0.945,2.58,-1.435,-0.925,1.45,-0.295,1.185,-0.69,1.765
0.865,-0.14,1.58,0.405,0,1.625,-1.44,1.055,1,1.435,-0.615,1.4,1.825,1.26,1.35,-2.21,1.105,0.945
-0.86,1.11,1.745,-1.64,0.18,0.62,0.825,-1.165,1.085,2.07,2.31,1.05,-2.575,-0.12,0.63,1.435,-0.615,1.4
-0.485,0.07,2.175,-1.715,0.855,1.985,-1.455,-1.64,-0.75,1.68,-1.29,2.415,-2.615,1.365,1.64,-1.78,-1.6,-0.32
1.29,1.74,0.36,1.3,1.525,-0.54,-0.655,-0.785,1.895,0.96,1.81,0.895,1.795,1.475,-0.93,-1.715,-0.07,1.425
-1.525,0.455,1.795,-1.295,0.655,1.32,-0.18,-0.41,1.405,-1.845,-0.365,1.1,-1.375,0.4,0.175,1.805,1.35,1.535
-2.51,0.555,1.61,-2.72,1.59,2.235,0.2,-0.85,1.52,-2.08,-0.955,0.945,-2.255,1.535,2.015,1.435,-0.615,1.4
-1.765,1.685,-0.455,-0.655,0.655,-0.84,0.51,-0.815,1.255,-2.175,1.785,0.055,0.7,0.295,-1.075,1.185,-0.69,1.765
-1.02,-0.57,1.77,-0.21,-0.265,2.32,-1.125,-0.605,0.31,-1.715,-0.07,1.425,-0.09,-0.525,1.575,-1.43,0.27,-0.14
-1.345,1.085,0.975,-1.785,2.135,1.61,-1.09,0.46,0.81,-1.43,0.27,-0.14,-2.375,1.94,1.27,-1.88,1.395,1.815
0.54,-0.015,-1.62,0.93,0.85,-1.1,-0.745,-0.825,-0.435,-1.33,-0.69,-1.16,1.795,1.475,-0.93,-1.78,-1.6,-0.32
-0.785,-0.62,2.635,-1.1,0.05,2.34,0.85,-0.75,1.665,1.68,-1.29,2.415,-1.485,-0.06,1.42,1.185,-0.69,1.765
-1.02,1.305,1.19,-0.18,0.25,-0.03,-1.09,0.51,-0.475,-1.88,1.395,1.815,0.755,0.175,-0.585,-2.005,1.665,0.085
0.295,0.625,0.245,1.22,1.745,1.425,-0.52,-0.84,0.06,-1.43,0.27,-0.14,2.59,2.27,1.625,-1.64,-1.3,-0.15
-0.81,1.335,0.46,-1.69,1.74,0.79,-1.485,-1.14,0.54,1.235,-0.22,-0.62,-2.86,1.445,0.815,-2.08,-0.955,0.945
0.5,-0.525,2.145,0.24,0.145,1.895,-0.51,0.25,1.335,1.185,-0.69,1.765,0.445,0.555,1.595,-0.595,-0.13,1.055
0.24,0.87,1.56,-0.415,0.82,0.68,-1.875,0.33,0.735,2.07,2.31,1.05,-2.575,-0.12,0.63,-2.21,1.105,0.945
-0.845,1.21,0.905,-1.44,1.43,1.52,-0.99,-1.16,-0.005,0.96,1.81,0.895,-2.255,1.535,2.015,-1.735,-1.84,-0.565
-0.805,-0.985,0.67,0.26,-0.12,1.12,0.625,0.765,-0.11,-2.08,-0.955,0.945,1.825,1.26,1.35,1.025,1.305,-0.44
-1.36,1.325,1.035,-1.335,0.6,0.75,0.545,-0.75,1.07,-1.97,1.545,1.455,-2.21,-0.155,0.11,2.275,1.77,0.74
-1.265,0.205,-0.395,-1.46,0.665,0.5,-0.03,-0.225,1.55,2.38,0.875,-1.7,-2.255,1.535,2.015,1.805,1.35,1.535
1.64,0.63,-0.975,1.245,0.715,-1.035,1.075,0.02,-0.855,1.235,-0.22,-0.62,1.795,1.475,-0.93,1.33,0.82,-0.395
-2.395,1.34,1.6,-2.415,0.7,1.6,1.26,-1.46,-1.985,-1.97,1.545,1.455,-2.17,0.635,1.955,2.38,0.875,-1.7
-1.015,-0.91,0.41,-0.59,-0.495,0.135,-1.11,0.275,1.235,-2.08,-0.955,0.945,0.595,0.125,-0.19,-1.845,-0.365,1.1
1.68,1.625,0.19,1.61,1.64,0.985,1.015,-0.485,-0.48,1.025,1.305,-0.44,2.59,2.27,1.625,1.455,0.77,-0.105
1.055,-1.205,-1.35,0.505,-0.475,-0.945,-0.425,0.53,0.64,0.09,-1.33,-1.08,0.805,0.015,-0.67,-1.93,0.895,1.06
-0.965,1.295,1.53,0.145,0.385,0.96,-0.9,-0.135,1.355,-1.88,1.395,1.815,1.825,1.26,1.35,-1.845,-0.365,1.1
0.145,0.26,1.745,-0.785,0.625,0.975,-0.73,-0.715,-0.055,1.435,-0.615,1.4,-2.575,-0.12,0.63,-1.43,0.27,-0.14
-0.06,1.215,1.385,-1.02,1.49,1.8,-1.875,0.405,1.345,0.72,1.09,-0.125,-2.615,1.365,1.64,-2.21,1.105,0.945
0.905,1.49,-1.295,0.465,1.195,-0.91,-0.315,-0.075,1.04,0.945,2.58,-1.435,0.7,0.295,-1.075,-0.595,-0.13,1.055
-1.73,0.105,0.49,-1.88,1.685,1.55,-0.91,-0.975,0.14,-1.78,-1.6,-0.32,-2.375,1.94,1.27,-1.43,0.27,-0.14
-0.78,1.115,0.945,-0.7,1,0.59,0.165,1,-0.78,-0.595,-0.13,1.055,0.3,0.7,0.58,0.945,2.58,-1.435
0.57,1.575,0.985,1.26,1.805,1.655,0.935,0.5,1.9,-1.97,1.545,1.455,2.59,2.27,1.625,1.165,1.8,1.805
-0.695,1.155,-1.095,-1.66,1.475,-0.18,0.12,-0.73,1.1,2.38,0.875,-1.7,-2.38,1.37,0.285,1.805,1.35,1.535
1.55,0.095,0.17,1.11,0.46,0.48,1.2,0.24,-0.585,1.235,-0.22,-0.62,1.825,1.26,1.35,1.33,0.82,-0.395
-1.8,1.005,1.18,-1.295,0.54,0.285,0.215,-1.995,-1.51,-1.93,0.895,1.06,-1.675,-0.21,0.02,-0.25,-1.865,-1.335
-2.1,0.525,1.455,-1.99,1.075,1.63,-0.995,-0.72,1.38,-2.08,-0.955,0.945,-2.255,1.535,2.015,-1.845,-0.365,1.1
1.41,1.12,-0.565,1.27,1.2,-0.785,0.795,-0.14,-0.135,1.325,1.145,-0.135,1.795,1.475,-0.93,1.33,0.82,-0.395
-0.11,-0.145,1.48,-0.345,-0.085,1.765,-1.295,0.96,0.635,1.005,-1.07,-0.165,-1.485,-0.06,1.42,-2.285,1.875,1.195
-1.425,1.165,0.975,-0.685,-0.25,0.735,-1.83,-0.525,0.945,-1.88,1.395,1.815,1.5,0.605,0.245,-2.08,-0.955,0.945
0.745,-1.09,2.22,0.055,0.215,1.495,-1.075,0.78,-0.075,1.68,-1.29,2.415,1.525,1.38,1.6,-2.005,1.665,0.085
-0.785,1.25,1.095,-1.76,1.255,1.455,-1.6,-0.06,0.64,0.72,1.09,-0.125,-2.86,1.445,0.815,-1.97,1.545,1.455
1.585,0.715,1.845,1.685,0.67,1.925,1.28,-0.7,1.83,1.61,0.325,1.775,1.395,0.785,1.235,1.68,-1.29,2.415
0.195,-0.775,-0.56,0.855,0.685,-1.04,-1.035,0.465,1.945,-1.375,-2.105,-0.825,1.865,1.29,-1.14,-1.775,1.265,1.995
-0.85,1.71,0.435,-0.345,0.455,0.33,1.205,-1.29,1.58,-0.96,-2.125,-1.38,0.3,0.7,0.58,1.68,-1.29,2.415
-0.15,-0.58,-0.395,0.36,0.88,1.135,0.75,-0.075,0.11,-2.005,1.665,0.085,1.525,1.38,1.6,1.455,0.77,-0.105
-2.96,2.185,1.755,-2.585,1.9,1.155,0.07,-0.705,-0.09,-1.97,1.545,1.455,-2.86,1.445,0.815,0.72,1.09,-0.125
-0.27,1.55,1.205,0.565,0.735,1.585,1.595,-1.12,1.455,-1.88,1.395,1.815,1.395,0.785,1.235,1.68,-1.29,2.415
-0.665,1.555,0.02,-1.29,0.76,-0.03,-0.515,-0.125,0.48,-0.06,1.785,-0.535,-2.51,0.15,0.945,-1.93,0.895,1.06
-2.08,0.39,0.5,-2.04,1.515,1.35,-0.83,-1.015,-1.16,-1.6,-1.6,-0.495,-2.255,1.535,2.015,-1.33,-0.69,-1.16
1.93,0.75,0.61,1.96,0.895,-0.24,2.065,-1.54,1.64,1.51,-0.535,1.34,1.865,1.29,-1.14,2.46,-2.25,2.25
-1.005,0.96,1.14,-0.715,0.66,1.195,-0.695,-0.255,0.19,-1.88,1.395,1.815,-1.515,-0.515,1.935,-1.375,0.61,0.54
-0.945,-0.16,-0.14,0.06,0.325,0.115,-1.4,-0.02,-1.175,-1.375,0.61,0.54,1.5,0.605,0.245,-1.795,0.16,-1.825
-0.295,-0.55,-0.57,0.5,0.325,0.34,-1.2,-0.875,0.405,1.235,-0.22,-0.62,2.88,2.645,0.49,-2.08,-0.955,0.945
-0.83,0.995,1.415,-1.6,1.945,1.715,-1.705,-1.045,0.565,1.46,-0.275,1.21,-2.86,1.445,0.815,-2.08,-0.955,0.945
0.92,1.135,1.625,0.035,0.445,1.82,-0.49,0.64,1.555,1.165,1.8,1.805,0.445,0.555,1.595,-1.775,1.265,1.995
0.325,1.3,1.225,-0.695,0.385,0.57,-1.22,-1.94,-0.405,2.07,2.31,1.05,-1.675,-0.21,0.02,-1.375,-2.105,-0.825
-1.45,0.165,1.695,-1.58,0.855,1.35,0.84,-0.91,-0.64,-1.715,-0.07,1.425,-2.38,1.37,0.285,1.455,0.77,-0.105
-0.805,0.81,1.33,0.38,0.565,1.64,0.895,1.175,1.35,-1.93,0.895,1.06,1.825,1.26,1.35,1.28,2.575,1.96
-1.22,-1.08,0.64,0.56,-0.32,0.44,1.825,0.755,1.27,-2.08,-0.955,0.945,1.5,0.605,0.245,1.525,1.185,1.41
-1.605,1.135,0.955,-1.8,1.315,1.185,0.385,-0.61,-0.87,1.235,-0.22,-0.62,-2.255,1.535,2.015,1.33,0.82,-0.395
-0.2,1.425,0.665,0.72,1.245,-0.025,0.825,-0.975,0.485,-1.97,1.545,1.455,1.795,1.475,-0.93,1.005,-1.07,-0.165
-1.27,-0.475,1.46,-1.27,-0.34,1.685,-0.72,0.23,1.06,-1.715,-0.07,1.425,-1.485,-0.06,1.42,-0.595,-0.13,1.055
1.31,0.79,0.19,1.465,0.66,0.12,1.58,0.935,-0.135,1.325,1.145,-0.135,1.5,0.605,0.245,1.455,0.77,-0.105
0.08,-0.19,-0.13,0.395,0.665,1.115,-1.475,0.75,0.805,1.235,-0.22,-0.62,1.525,1.38,1.6,-2.21,1.105,0.945
-1.595,1.57,0.9,-1.515,1.775,0.875,-0.9,-1.01,1.49,-2.285,1.875,1.195,-2.38,1.37,0.285,-1.595,-0.845,1.625
1.045,-2.1,1.89,-0.415,-0.275,1.32,-1.105,0.81,0.1,2.46,-2.25,2.25,1.395,0.785,1.235,-2.005,1.665,0.085
-0.64,0.48,-0.26,-1.11,0.29,0.43,-1.085,0.97,0.93,1.025,1.305,-0.44,-2.575,-0.12,0.63,-1.88,1.395,1.815
-1.09,1.04,0.78,-1.485,1.3,1.485,-0.795,-0.86,0.96,1.325,1.145,-0.135,-1.83,1.755,2.235,-1.845,-0.365,1.1
-0.465,-1.005,0.165,0.97,0.195,1.37,1.105,-0.78,1.09,-1.735,-1.84,-0.565,1.395,0.785,1.235,1.61,0.325,1.775
-1.36,0.935,0.12,-0.155,-0.3,-0.485,1.225,0.895,0.905,-2.005,1.665,0.085,-1.35,-0.43,0,2.07,2.31,1.05
-0.835,0.52,0.49,-0.73,0.835,1.02,-1.185,0.505,0.37,-1.175,-1.045,-0.105,-2.255,1.535,2.015,-2.21,1.105,0.945
0.115,0.215,-0.73,1.04,1.005,-0.635,-1.135,0.665,0.035,-1.175,-1.045,-0.105,1.795,1.475,-0.93,-2.005,1.665,0.085
-0.08,-1.085,2.245,-0.985,-0.36,2.125,0.855,1.365,1.845,1.68,-1.29,2.415,-1.485,-0.06,1.42,1.165,1.8,1.805
-1.22,1.305,1.035,-0.3,0.545,0.135,-0.82,-1.54,-0.235,-1.93,0.895,1.06,0.61,0.16,-0.795,-1.375,-2.105,-0.825
0.325,0.575,0.8,1.175,1.36,1.345,-0.445,-0.075,-0.025,-1.43,0.27,-0.14,2.59,2.27,1.625,-1.375,0.61,0.54
-0.735,1.265,1.86,-1.39,1.39,1.58,0.16,-0.565,0.485,2.275,1.77,0.74,-2.94,1.44,0.71,1.805,1.35,1.535
-1.985,1.63,0.43,-0.72,0.66,-0.07,0.955,-0.585,-0.04,-2.285,1.875,1.195,-1.675,-0.21,0.02,0.72,1.09,-0.125
1.115,-0.48,-1.57,-0.185,-0.085,-0.705,-1.185,0.52,-0.455,2.38,0.875,-1.7,-1.35,-0.43,0,-2.005,1.665,0.085
-2.18,0.57,1.23,-2.92,0.865,1.295,0.12,-1.915,-0.785,0.6,1.9,-0.135,-2.255,1.535,2.015,0.09,-1.33,-1.08
1.615,1.07,1.065,1.815,1.315,-0.335,1.7,-0.23,-1.255,1.61,0.325,1.775,1.795,1.475,-0.93,2.38,0.875,-1.7
0.805,0.53,1.535,-0.255,0.375,1.42,-1.27,0.445,-0.23,1.525,1.185,1.41,-1.485,-0.06,1.42,-2.005,1.665,0.085
-0.925,-0.505,0.04,-0.495,0.57,0.84,0.53,0.89,0.09,-0.96,-2.125,-1.38,-0.64,1.315,1.5,0.6,1.9,-0.135
0.14,-0.235,-0.28,1.13,0.68,-0.485,0.875,-0.78,-0.925,-1.6,-1.6,-0.495,1.865,1.29,-1.14,1.235,-0.22,-0.62
-1.215,-0.135,1.835,-1.485,-0.04,1.925,0.645,-1.03,0.49,-1.595,-0.845,1.625,-1.485,-0.06,1.42,1.005,-1.07,-0.165
-1.415,-0.59,0.53,-0.48,-0.39,-0.16,-1.59,1.325,0.365,-1.975,-1.03,1.505,0.595,0.125,-0.19,-1.97,1.545,1.455
-0.145,1.355,0.97,1.535,1.315,1.065,1.26,-0.35,-0.37,-1.97,1.545,1.455,2.59,2.27,1.625,1.455,0.77,-0.105
-1.955,1.19,1.87,-2.17,1.335,1.505,-0.055,-0.715,0,1.435,-0.615,1.4,-2.86,1.445,0.815,0.72,1.09,-0.125
-0.815,1.63,0.91,0.15,0.245,1.185,-1.165,1.435,0.575,-1.88,1.395,1.815,1.825,1.26,1.35,-1.97,1.545,1.455
-1.19,0.17,1.28,-0.75,0.605,1.295,-1.02,-1.235,-0.585,-1.845,-0.365,1.1,-1.375,0.4,0.175,-1.78,-1.6,-0.32
-1.705,1.04,1.185,-1.935,1.155,1.445,0.585,-1.35,1.43,1.325,1.145,-0.135,-2.255,1.535,2.015,1.435,-0.615,1.4
1.4,0.33,0.83,1.35,1.075,0.2,-0.94,1.035,1.09,1.435,-0.615,1.4,1.795,1.475,-0.93,-1.88,1.395,1.815
-2.56,1.12,1.815,-3.78,1.86,2.105,-0.05,-1.285,1.625,1.46,0.595,0.365,-3.385,1.1,1.815,1.68,-1.29,2.415
1.49,0.075,1.04,0.535,0.085,0.175,-1.085,-1.775,-1.195,1.46,-0.275,1.21,0.755,0.175,-0.585,-1.6,-1.6,-0.495
0.685,1.49,1.215,0.67,1.55,1.34,-1.055,0.045,1.1,1.165,1.8,1.805,1.685,2.065,0.205,-1.78,0.085,1.57
-1.855,-0.94,1.01,-1.575,-0.13,1.64,1.16,0.005,1.265,-2.08,-0.955,0.945,-1.485,-0.06,1.42,1.525,1.185,1.41
-0.495,-0.365,1.155,0.8,-0.25,0.37,1.285,0.11,1.245,-1.595,-0.845,1.625,0.595,0.125,-0.19,1.435,-0.615,1.4
-0.29,0.47,0.765,0.325,0.68,1.615,0.96,-0.655,1.195,-1.43,0.27,-0.14,1.525,1.38,1.6,1.435,-0.615,1.4
-1.83,0.975,0.53,-1.79,1.17,1.075,1.14,-1.17,-1.47,-1.43,0.27,-0.14,-2.38,1.37,0.285,2.38,0.875,-1.7
1.495,1.42,1.155,0.79,0.79,1.29,-0.195,-0.525,-0.94,2.07,2.31,1.05,1.825,1.26,1.35,-1.33,-0.69,-1.16
-0.335,0.435,-0.88,-0.855,-0.58,-0.745,1.1,1.42,1.415,0.945,2.58,-1.435,-0.955,-0.635,0.265,1.28,2.575,1.96
-1.66,0.48,-0.24,-2,1.385,0.915,0.22,-0.91,-0.66,2.38,0.875,-1.7,-2.255,1.535,2.015,1.235,-0.22,-0.62
0.715,0.09,-0.305,-0.13,0.215,-0.175,-0.8,1.06,-0.015,1.455,0.77,-0.105,1.5,0.605,0.245,-2.005,1.665,0.085
-0.485,-0.625,2.17,-1.165,-0.265,1.945,0.745,0.065,-0.54,1.61,0.325,1.775,-1.485,-0.06,1.42,1.33,0.82,-0.395
-0.565,1.245,1.08,0.185,0.68,0.8,-0.63,-1.575,-0.815,-1.93,0.895,1.06,0.3,0.7,0.58,-0.96,-2.125,-1.38
0.06,-0.19,0.3,-0.415,0.595,1.03,-1.455,-0.775,0.53,1.235,-0.22,-0.62,1.525,1.38,1.6,-1.36,-1.25,-0.035
0.23,1.475,0.765,-0.815,1.55,1.235,-1.15,0.185,0.19,1.33,0.82,-0.395,-2.86,1.445,0.815,-2.005,1.665,0.085
0.545,0.035,0.375,0.805,0.125,1.08,-1.055,-1.365,-0.06,1.325,1.145,-0.135,1.825,1.26,1.35,-1.735,-1.84,-0.565
0.065,0.8,-0.8,1.62,1.275,0.335,1.725,-0.465,1.12,-1.795,0.16,-1.825,2.88,2.645,0.49,1.51,-0.535,1.34
-1.565,1.185,0.305,-1.49,1.17,0.325,0.535,-0.61,-0.595,-1.375,0.61,0.54,-2.38,1.37,0.285,1.325,1.145,-0.135
-1.365,1.305,0.725,0.18,-0.28,0.96,1.3,0.92,-0.555,-2.285,1.875,1.195,-0.09,-0.525,1.575,1.025,1.305,-0.44
1.59,-0.305,-0.565,1.445,1.285,0.235,1.25,0.445,-0.965,0.09,-1.33,-1.08,1.685,2.065,0.205,0.945,2.58,-1.435
-2.405,2.11,1.485,-2.235,1.78,1.215,0.87,-1.52,0.83,-2.21,1.105,0.945,-2.94,1.44,0.71,1.005,-1.07,-0.165
-1.095,-0.79,1.71,-0.54,-0.535,1.725,-1.14,-0.63,1.955,-1.715,-0.07,1.425,-0.09,-0.525,1.575,-1.595,-0.845,1.625
-0.29,-0.215,-0.05,-0.755,-0.29,-0.07,0.56,-0.57,-0.965,0.72,1.09,-0.125,-1.35,-0.43,0,1.33,0.82,-0.395
0.8,0.505,1.235,-0.09,1.425,1.81,-1.74,0.88,0.995,1.005,-1.07,-0.165,-1.83,1.755,2.235,-2.285,1.875,1.195
-0.835,1.655,0.705,0.895,1.115,0.16,-0.62,-0.89,0.865,-1.97,1.545,1.455,1.795,1.475,-0.93,-1.715,-0.07,1.425
0.395,-0.38,2.05,-0.025,0.275,1.475,-0.87,-0.455,-0.075,1.68,-1.29,2.415,-1.515,-0.515,1.935,-1.43,0.27,-0.14
-0.25,1.26,-0.67,-0.56,0.665,0.21,-1.65,1.025,1.195,0.945,2.58,-1.435,0.3,0.7,0.58,-1.93,0.895,1.06
1.11,1.125,0.975,1.165,1.715,1.25,-1.245,0.065,0.475,0.72,1.09,-0.125,2.59,2.27,1.625,-1.79,-0.24,1.14
1.03,0.045,0.085,0.98,0.505,-0.21,-0.155,-1.01,-0.43,1.005,-1.07,-0.165,1.865,1.29,-1.14,-1.415,-1.575,-1.075
0.085,-0.13,-0.2,1.305,0.76,-0.375,1.315,-1.16,1.125,-1.415,-1.575,-1.075,1.795,1.475,-0.93,1.435,-0.615,1.4
0.445,0.49,0.505,1.31,1.08,1.015,-0.76,0.47,0.82,-1.175,-1.045,-0.105,2.59,2.27,1.625,-1.88,1.395,1.815
-1.305,0.305,0.02,-1.355,1.365,0.985,-1.075,-0.95,-0.33,-1.43,0.27,-0.14,-2.94,1.44,0.71,-1.175,-1.045,-0.105
1.555,-0.65,1.87,1.42,0.21,1.305,1.835,1.56,1.46,1.68,-1.29,2.415,1.825,1.26,1.35,2.07,2.31,1.05
-0.78,-1.605,-1.3,-1.08,-0.455,-0.805,1.35,-2.435,1.49,-0.25,-1.865,-1.335,-1.675,-0.21,0.02,1.72,-2.585,2.215
-1.875,1.695,0.665,-1.535,1.705,1.25,-0.94,-0.695,-0.105,-2.005,1.665,0.085,-2.255,1.535,2.015,-1.43,0.27,-0.14
1.865,1.525,0.385,1.46,1.075,-0.25,1.095,0.885,1.38,0.96,1.81,0.895,1.865,1.29,-1.14,1.165,1.8,1.805
-1.15,-0.325,2.03,-1.62,0.265,1.945,0.84,-1.08,-1.375,1.46,-0.275,1.21,-1.515,-0.515,1.935,2.38,0.875,-1.7
-0.49,-0.46,-0.415,-0.47,-0.07,0.185,-1.655,1.14,0.015,1.235,-0.22,-0.62,1.5,0.605,0.245,-2.005,1.665,0.085
-0.305,-0.715,1.5,-0.19,0.08,0.66,-1.3,1.05,1.175,1.51,-0.535,1.34,1.5,0.605,0.245,-1.79,-0.24,1.14
-1.49,0.985,1.815,-2.175,1.255,1.7,0.605,-1.45,-1.545,1.805,1.35,1.535,-2.38,1.37,0.285,2.38,0.875,-1.7
0.67,-0.455,1.755,0.145,0.045,1.49,-0.69,0.475,0.015,1.61,0.325,1.775,1.395,0.785,1.235,-1.375,0.61,0.54
-1.24,-1.27,-0.15,-1.085,-0.585,-0.315,0.31,0.3,-0.02,-1.735,-1.84,-0.565,-1.35,-0.43,0,0.96,1.81,0.895
-1.94,0.96,1.145,-1.97,1.035,1.375,1.565,1.45,1.42,-1.375,0.61,0.54,-2.255,1.535,2.015,2.07,2.31,1.05
-1.915,1.095,1.84,-2.58,1.77,1.71,-0.93,-1.745,-0.985,1.39,1.175,1.465,-2.86,1.445,0.815,-1.78,-1.6,-0.32
-1.245,0.42,0.715,-1.45,0.95,1.46,-0.98,-0.79,-0.005,-1.175,-1.045,-0.105,-2.17,0.635,1.955,-1.43,0.27,-0.14
1.57,-0.47,1.395,1.17,0.33,1.195,1.97,1.125,1.39,1.46,-0.275,1.21,1.5,0.605,0.245,1.525,1.185,1.41
2.03,1.37,0.46,1.89,1.665,0.895,1.77,-0.485,1.34,1.235,-0.22,-0.62,2.59,2.27,1.625,1.51,-0.535,1.34
-1.63,1.2,0.805,-1.37,1.64,0.3,-0.9,-0.375,0.1,-2.005,1.665,0.085,-2.38,1.37,0.285,-1.43,0.27,-0.14
1.465,1.53,1.925,1.095,0.915,1.655,1.395,0.78,1.505,1.165,1.8,1.805,1.825,1.26,1.35,1.39,1.175,1.465
-1.295,-0.165,1.76,-1.525,0.47,1.355,0.825,-0.96,-1.035,1.51,-0.535,1.34,-1.375,0.4,0.175,1.235,-0.22,-0.62
1.01,-0.185,0.89,-0.005,1.175,1.64,-1.72,1.21,0.305,0.61,-0.825,0.22,-2.255,1.535,2.015,-2.175,1.785,0.055
1.285,0.565,-0.225,1.38,1.05,-0.27,1.12,-1.195,0.97,0.72,1.09,-0.125,1.795,1.475,-0.93,1.005,-1.07,-0.165
-1.34,1.57,1.955,-2.105,1.715,2.055,0.715,-1.435,-0.115,1.165,1.8,1.805,-2.17,0.635,1.955,1.005,-1.07,-0.165
0.44,-0.205,1.6,-0.255,0.46,0.9,-1.335,-0.595,0.03,1.435,-0.615,1.4,-1.375,0.4,0.175,-1.36,-1.25,-0.035
-0.005,-0.8,1.69,-0.38,0.145,0.76,-1.585,1.735,1.175,1.68,-1.29,2.415,1.5,0.605,0.245,-1.97,1.545,1.455
-1.94,0.7,1.705,-1.98,1.61,1.865,1.12,0.93,1.06,-1.975,-1.03,1.505,-2.255,1.535,2.015,0.72,1.09,-0.125
0.03,1.175,0.255,0.48,0.98,-0.17,0.51,-0.69,-0.24,-2.21,1.105,0.945,1.865,1.29,-1.14,2.07,2.31,1.05
0.085,0.15,-1.045,-0.63,0.145,0.615,0.55,1.125,1.575,2.38,0.875,-1.7,-1.515,-0.515,1.935,1.165,1.8,1.805
1.57,-0.235,-0.755,1.34,0.385,-0.29,1.72,1.11,-0.37,1.235,-0.22,-0.62,1.5,0.605,0.245,1.33,0.82,-0.395
-0.275,1.645,1.255,0.325,1.27,1.645,0.705,-0.94,-0.94,-1.88,1.395,1.815,1.525,1.38,1.6,1.235,-0.22,-0.62
-1.185,0.23,1.43,-1.18,1.335,1.105,-0.91,-0.585,1.26,-1.715,-0.07,1.425,-2.38,1.37,0.285,-1.595,-0.845,1.625
1.22,0.59,0.265,0.8,0.47,0.84,1.035,1.145,-0.4,1.455,0.77,-0.105,1.825,1.26,1.35,1.025,1.305,-0.44
0.285,-0.155,0.685,-0.435,-0.02,0.15,-0.805,0.87,0.345,1.005,-1.07,-0.165,-2.21,-0.155,0.11,-1.97,1.545,1.455
-0.975,1.59,1.55,-0.805,1.57,1.965,-1.025,-0.885,1.275,-1.93,0.895,1.06,-1.83,1.755,2.235,-1.715,-0.07,1.425
1.395,0.08,1.2,1.085,0.95,-0.615,-0.42,-0.125,0.41,1.435,-0.615,1.4,1.795,1.475,-0.93,-1.43,0.27,-0.14
-0.4,0.725,0.18,-0.865,0.595,0.925,-1.17,0.28,0.03,1.025,1.305,-0.44,-1.515,-0.515,1.935,-2.285,1.875,1.195
-1.155,-0.61,0.055,-1.225,0.045,0.585,-1.415,-0.905,0.9,0.72,1.09,-0.125,1.5,0.605,0.245,-1.975,-1.03,1.505
-0.375,0.02,-0.195,0.64,0.65,-0.78,0.79,-0.44,1.015,-1.36,-1.25,-0.035,1.865,1.29,-1.14,1.61,0.325,1.775
-1.38,1.45,0.715,-1.745,1.315,1.52,0.94,-0.435,1.075,-2.005,1.665,0.085,-2.17,0.635,1.955,1.525,1.185,1.41
-1.55,-1.1,-0.045,-0.845,-0.91,-0.205,-1.405,1.45,0.645,-1.36,-1.25,-0.035,0.595,0.125,-0.19,-1.97,1.545,1.455
0.2,0.105,-0.365,0.9,1.46,0.315,-0.005,0.405,-0.325,-1.6,-1.6,-0.495,1.685,2.065,0.205,-0.185,1.29,-0.58
-1.41,0.655,1.565,-1.42,1.16,1.445,0.48,-1.17,0.85,1.46,-0.275,1.21,-2.38,1.37,0.285,1.61,0.325,1.775
1.775,0.215,-0.01,1.265,0.555,0.69,1.445,-0.975,1.615,1.235,-0.22,-0.62,1.395,0.785,1.235,1.51,-0.535,1.34
-1.835,1.09,0.275,-1.015,0.335,0.655,-0.945,-0.66,-0.025,-2.005,1.665,0.085,-2.575,-0.12,0.63,-1.43,0.27,-0.14
-1.085,1.595,2.255,-1.18,1.44,2.265,0.275,-0.165,-0.255,1.165,1.8,1.805,-1.83,1.755,2.235,0.96,1.81,0.895
1.935,-0.4,1.68,1.72,1.135,-0.305,1.655,-0.95,-1.845,1.68,-1.29,2.415,1.865,1.29,-1.14,2.38,0.875,-1.7
0.54,-0.095,-0.095,-0.42,0.23,0.445,-0.645,-0.965,-0.255,1.235,-0.22,-0.62,-1.515,-0.515,1.935,-1.43,0.27,-0.14
1.47,-0.245,-0.495,1.25,0.225,-0.565,1.435,0.15,-1.765,1.33,0.82,-0.395,0.595,0.125,-0.19,2.38,0.875,-1.7
1.835,0.79,1.915,1.22,0.975,1.555,1.825,0.41,-1.2,1.61,0.325,1.775,1.525,1.38,1.6,2.38,0.875,-1.7
1.605,2.255,1.77,-0.1,1.97,1.565,-0.925,0.17,-0.265,2.07,2.31,1.05,-2.94,1.44,0.71,-2.005,1.665,0.085
-0.545,-1.125,-0.475,1.05,0.52,-0.22,1.425,1.065,0.08,-1.415,-1.575,-1.075,1.5,0.605,0.245,1.455,0.77,-0.105
-1.31,0.435,1.08,-0.755,0.725,1.775,0.005,-0.99,0.885,-1.36,-1.25,-0.035,1.525,1.38,1.6,1.005,-1.07,-0.165
-1.54,0.045,1.405,-1.47,0.835,1.04,0.215,-1.28,0.18,-1.595,-0.845,1.625,-2.38,1.37,0.285,1.005,-1.07,-0.165
-1.315,-0.5,0.71,-0.4,-0.155,0.995,-1.525,1.63,0.44,-1.975,-1.03,1.505,1.825,1.26,1.35,-2.285,1.875,1.195
-1.475,-0.83,-0.305,-1.545,-0.325,0.225,-1.04,0.475,0.615,-1.6,-1.6,-0.495,-2.51,0.15,0.945,-0.595,-0.13,1.055
-1.91,0.98,1.845,-2.165,1.53,1.945,0.31,-0.86,-1.235,1.51,-0.535,1.34,-2.615,1.365,1.64,1.33,0.82,-0.395
-0.475,1.895,0.705,0.645,1.085,-0.345,-0.685,0.895,0.55,-1.97,1.545,1.455,1.795,1.475,-0.93,-1.88,1.395,1.815
-1.78,0.155,2.1,-1.575,0.55,1.465,-0.825,-0.995,-1.28,-1.715,-0.07,1.425,-2.17,0.635,1.955,-1.33,-0.69,-1.16
1.7,0.955,-0.83,1.49,0.785,-0.435,1.815,-0.625,1.79,1.33,0.82,-0.395,1.5,0.605,0.245,1.68,-1.29,2.415
0.69,-1.04,1.9,0.71,1.125,1.425,-0.755,1.615,0.34,1.68,-1.29,2.415,2.88,2.645,0.49,-1.97,1.545,1.455
-2.815,1.285,2.12,-2.995,1.675,1.92,-0.255,-1.34,1.235,1.61,0.325,1.775,-2.86,1.445,0.815,1.46,-0.275,1.21
0.8,-0.88,1.845,0.305,-0.125,1.4,0.01,-0.67,-0.445,1.68,-1.29,2.415,1.395,0.785,1.235,-1.175,-1.045,-0.105
-0.355,0.635,1.38,-0.75,0.515,0.8,-1.065,-1.095,0.685,2.275,1.77,0.74,-2.575,-0.12,0.63,-1.845,-0.365,1.1
-1.38,1.14,1.535,-1.36,1.74,1.31,0.245,0.275,1.585,-1.845,-0.365,1.1,-2.94,1.44,0.71,1.165,1.8,1.805
-0.725,1.06,0.845,-0.885,0.765,1.01,1.575,-2.265,1.87,-1.78,0.085,1.57,1.395,0.785,1.235,1.72,-2.585,2.215
1.82,-0.085,-0.87,1.335,0.785,0,1.37,-0.085,1.55,1.235,-0.22,-0.62,1.5,0.605,0.245,1.51,-0.535,1.34
-2.565,2.055,1.005,-2.77,2.205,1.06,0.605,-1.425,-1.375,-2.005,1.665,0.085,-2.375,1.94,1.27,1.235,-0.22,-0.62
-0.075,0.565,0.64,0.7,0.8,-0.195,-0.86,-0.36,0.165,-1.845,-0.365,1.1,1.795,1.475,-0.93,-1.43,0.27,-0.14
-0.89,0.59,0.39,-1.245,0.435,1.115,0.59,0.41,1.005,1.325,1.145,-0.135,-1.515,-0.515,1.935,1.165,1.8,1.805
1.445,-0.38,-1.065,1.475,0.905,-0.22,1.78,0.035,-1.34,1.235,-0.22,-0.62,1.5,0.605,0.245,2.38,0.875,-1.7
-0.76,-0.115,-0.25,0.32,1.135,0.31,-1.145,-1.035,0.54,-1.375,0.61,0.54,2.88,2.645,0.49,-2.08,-0.955,0.945
0.265,1.715,1.68,-0.91,1.9,0.965,-0.52,0.28,-0.59,2.07,2.31,1.05,-2.38,1.37,0.285,0.335,2,-0.13
-1.145,1.125,1.015,0.46,0.25,1.125,-0.76,-0.49,-1.08,-2.21,1.105,0.945,1.825,1.26,1.35,-1.33,-0.69,-1.16
-0.725,-0.575,0.32,-0.87,-0.085,0.19,-1.08,-1.42,-1.275,1.005,-1.07,-0.165,-2.21,-0.155,0.11,-1.78,-1.6,-0.32
0.46,1.935,1.07,-0.11,2.15,1.44,-1.58,0.155,-0.005,1.33,0.82,-0.395,-2.375,1.94,1.27,-2.005,1.665,0.085
1.675,1.74,-0.325,1.415,0.95,-0.985,-0.76,-1.365,-0.84,1.025,1.305,-0.44,1.865,1.29,-1.14,-1.6,-1.6,-0.495
-2.025,-1.21,-0.825,-2.145,-0.015,-0.19,0.915,-2.005,1.425,-1.6,-1.6,-0.495,-2.21,-0.155,0.11,1.68,-1.29,2.415
-2.04,0.475,1.075,-1.845,1.35,1.32,-1.785,-0.005,0.945,-1.43,0.27,-0.14,-2.255,1.535,2.015,0.72,1.09,-0.125
-0.815,1.28,1.125,0.055,1.015,0.005,0.81,0.605,-0.27,-1.93,0.895,1.06,1.865,1.29,-1.14,0.6,1.9,-0.135
-1.7,1.105,1.05,-1.475,0.715,1.75,0.845,-1.355,1.195,-1.88,1.395,1.815,-1.515,-0.515,1.935,1.51,-0.535,1.34
-1.18,-0.72,0.025,-0.195,0.035,0.355,-1.575,1.305,0.785,-1.43,0.27,-0.14,1.5,0.605,0.245,-2.21,1.105,0.945
-0.885,-0.245,-0.465,-0.305,0.46,0.945,-0.925,-0.97,-0.7,-1.33,-0.69,-1.16,1.525,1.38,1.6,-1.64,-1.3,-0.15
-2.525,0.865,1.735,-3.045,1.955,1.67,-0.02,-1.945,1.075,1.51,-0.535,1.34,-2.86,1.445,0.815,1.68,-1.29,2.415
-1.14,0.98,1.03,-0.46,-0.59,1.335,-1.015,-0.205,0.24,-1.97,1.545,1.455,-0.09,-0.525,1.575,-1.43,0.27,-0.14
-0.975,0.605,0.37,-0.505,0.11,0.055,-0.775,-0.885,-0.03,-1.375,0.61,0.54,-2.575,-0.12,0.63,-1.43,0.27,-0.14
0.49,1.04,0.56,0.37,1.305,1.21,-1.005,-0.835,0.525,1.235,-0.22,-0.62,-1.83,1.755,2.235,-2.08,-0.955,0.945
1.285,0.205,1.07,1.275,1.01,-0.15,-0.74,-0.41,0.78,1.46,-0.275,1.21,1.865,1.29,-1.14,-1.845,-0.365,1.1
0.49,0.85,1.77,0.045,0.495,1.595,-1.33,0.89,0.525,1.805,1.35,1.535,-1.515,-0.515,1.935,-1.97,1.545,1.455
1.105,0.96,0.95,0.535,0.385,0.3,-1.255,-1.46,-0.78,1.39,1.175,1.465,0.755,0.175,-0.585,-1.78,-1.6,-0.32
-0.245,0.2,0.575,0.67,0.81,-0.44,0.54,-0.235,-0.08,-1.975,-1.03,1.505,1.865,1.29,-1.14,0.72,1.09,-0.125
-1.8,0.645,1.005,-1.13,0.515,1.22,0.965,1.365,1.625,-2.21,1.105,0.945,-1.485,-0.06,1.42,1.165,1.8,1.805
1.365,-0.875,-0.86,1.545,0.32,0.18,2.16,2.05,1.63,1.235,-0.22,-0.62,1.5,0.605,0.245,2.07,2.31,1.05
1.945,1.145,0.54,1.655,1.39,0.115,0.82,-0.37,1.085,1.46,-0.275,1.21,1.865,1.29,-1.14,1.61,0.325,1.775
-3.305,1.01,-0.195,-3.79,1.995,1.18,0.065,-1.77,1.41,2.38,0.875,-1.7,-3.385,1.1,1.815,1.68,-1.29,2.415
-1.095,-0.835,-0.05,-0.375,-0.47,-0.45,-1.51,1.35,-0.05,-1.43,0.27,-0.14,0.595,0.125,-0.19,-2.005,1.665,0.085
1.35,2.12,1.725,0.735,1.635,0.86,0.925,1.3,1.81,1.28,2.575,1.96,0.65,1.76,0.11,1.165,1.8,1.805
1.64,-0.81,0.975,1.585,-0.545,1.315,0.56,-1.82,-1.385,1.185,-0.69,1.765,0.805,0.015,-0.67,0.09,-1.33,-1.08
0.42,-0.2,1.185,0.37,0.155,1.39,-0.84,0.185,-0.115,1.005,-1.07,-0.165,1.395,0.785,1.235,-1.375,0.61,0.54
-0.875,0.16,0.18,-1.04,-0.545,-0.3,0.93,-1.035,-1.715,1.325,1.145,-0.135,-1.35,-0.43,0,2.38,0.875,-1.7
-1.08,1.06,1.745,-1.64,1.485,2.02,0.155,-1.36,0.265,2.275,1.77,0.74,-1.83,1.755,2.235,1.005,-1.07,-0.165
0.76,1.16,1.44,0.39,0.42,-0.125,-0.23,1.17,-0.805,1.165,1.8,1.805,0.7,0.295,-1.075,-0.185,1.29,-0.58
-0.875,-0.915,-0.715,-0.715,-0.545,-0.43,0.28,0.07,-0.005,-1.175,-1.045,-0.105,-1.35,-0.43,0,0.72,1.09,-0.125
-0.575,1.11,1.7,-0.115,1.265,2.005,0.425,0.45,1.265,-1.845,-0.365,1.1,1.525,1.38,1.6,1.46,0.595,0.365
0.5,0,0.845,0.895,0.545,-0.44,1.12,-1.62,-1.075,-1.715,-0.07,1.425,1.865,1.29,-1.14,0.09,-1.33,-1.08
-1.36,-0.27,1.63,-1.015,-0.33,1.53,-1.305,0.83,0.42,-1.715,-0.07,1.425,-1.485,-0.06,1.42,-2.285,1.875,1.195
-1.565,-1.63,-0.37,-0.865,-0.4,0.435,-1.685,-0.4,1.005,-1.735,-1.84,-0.565,1.5,0.605,0.245,-1.975,-1.03,1.505
2.11,0.855,1.69,2.19,1.86,1.795,1.02,-0.67,-0.88,1.51,-0.535,1.34,2.59,2.27,1.625,1.33,0.82,-0.395
-1.505,1.93,0.94,-1.38,1.575,0.35,-0.88,0.605,0.88,-2.285,1.875,1.195,-2.38,1.37,0.285,-1.88,1.395,1.815
-1.385,-1.265,0.595,-0.63,-0.755,1.48,-1.425,-0.57,0.215,-2.08,-0.955,0.945,-0.09,-0.525,1.575,-1.36,-1.25,-0.035
-1.705,0.19,-0.23,-1.875,0.24,-0.175,0.145,-1.3,1.16,1.33,0.82,-0.395,-2.21,-0.155,0.11,1.51,-0.535,1.34
1.115,-0.075,1.83,0.86,1.505,2.12,-1.23,1.17,1.66,1.68,-1.29,2.415,-0.64,1.315,1.5,-1.775,1.265,1.995
1.585,1.335,0.91,1.69,1.415,0.245,1.19,-1.36,1.935,1.805,1.35,1.535,1.795,1.475,-0.93,1.68,-1.29,2.415
-0.855,-0.045,1.875,-1.235,0.305,1.685,-0.86,-1.57,-1.29,1.51,-0.535,1.34,-1.515,-0.515,1.935,-1.33,-0.69,-1.16
-0.075,0.275,-0.22,-0.025,0.145,0.365,-0.995,-0.285,1.785,0.96,1.81,0.895,1.5,0.605,0.245,-1.715,-0.07,1.425
0.14,0.295,0.595,1.675,1.745,1.63,0.8,-0.455,-0.615,-1.64,-1.3,-0.15,2.59,2.27,1.625,1.455,0.77,-0.105
-1.82,0.12,-1.03,-1.87,1.72,-0.395,0.38,-1.14,-0.215,-1.795,0.16,-1.825,-2.38,1.37,0.285,1.005,-1.07,-0.165
-0.715,-0.765,1.775,-0.28,-0.55,1.41,0.615,-1.005,0.39,-1.595,-0.845,1.625,-0.09,-0.525,1.575,1.005,-1.07,-0.165
-1.395,-0.445,0.555,-1.02,-0.07,0.13,-1.08,1.17,0.545,-1.975,-1.03,1.505,-2.21,-0.155,0.11,-1.88,1.395,1.815
-1.3,0.605,-0.58,-1.055,1.54,1.205,-1.245,-0.955,0.38,-1.795,0.16,-1.825,-2.255,1.535,2.015,-1.975,-1.03,1.505
1.685,-0.115,1.43,1.425,0.945,0.27,0.735,-0.28,-0.1,1.68,-1.29,2.415,1.795,1.475,-0.93,0.72,1.09,-0.125
-0.875,1.4,1.9,-0.535,0.7,1.53,-1.14,0.285,1.065,-1.775,1.265,1.995,-1.515,-0.515,1.935,-1.93,0.895,1.06
-1,-0.445,0.85,-0.75,-0.425,0.145,-1.355,0.335,-1.075,-1.845,-0.365,1.1,0.595,0.125,-0.19,-1.795,0.16,-1.825
-0.47,0.125,-0.225,0.685,0.555,-0.32,-1.015,-0.73,0.56,-1.43,0.27,-0.14,1.865,1.29,-1.14,-1.975,-1.03,1.505
-0.06,1.035,1.795,-1.19,2.19,1.755,-1.48,0.725,0.725,1.46,-0.275,1.21,-2.86,1.445,0.815,-1.88,1.395,1.815
2.06,1.36,-0.23,2.07,2.04,0.175,1.525,-0.2,1.085,1.33,0.82,-0.395,2.88,2.645,0.49,1.51,-0.535,1.34
0.355,0.38,0.765,-0.035,0.165,0.445,-1.135,0.71,-0.135,2.275,1.77,0.74,0.755,0.175,-0.585,-2.005,1.665,0.085
0.45,1.575,1.765,-0.405,1.83,2.12,-1.015,-1.015,0.285,1.805,1.35,1.535,-2.615,1.365,1.64,-2.08,-0.955,0.945
-1.605,0.815,0.415,-1.645,0.17,0.19,0.61,-1.155,0.75,-1.375,0.61,0.54,-2.575,-0.12,0.63,1.46,-0.275,1.21
